category,href,channelId
VALORANT,https://www.twitch.tv/valorant,valorant
VALORANT,https://www.twitch.tv/tenz,tenz
VALORANT,https://www.twitch.tv/gofns,gofns
VALORANT,https://www.twitch.tv/ohnepixel,ohnepixel
VALORANT,https://www.twitch.tv/tarik,tarik
Just Chatting,https://www.twitch.tv/jasontheween,jasontheween
Just Chatting,https://www.twitch.tv/stableronaldo,stableronaldo
Just Chatting,https://www.twitch.tv/quin69,quin69
Just Chatting,https://www.twitch.tv/lacy,lacy
Just Chatting,https://www.twitch.tv/silky,silky
Grand Theft Auto V,https://www.twitch.tv/hutchmf,hutchmf
Grand Theft Auto V,https://www.twitch.tv/abdulhd,abdulhd
Grand Theft Auto V,https://www.twitch.tv/penta,penta
Grand Theft Auto V,https://www.twitch.tv/thebigmeech,thebigmeech
Grand Theft Auto V,https://www.twitch.tv/mrgibbon,mrgibbon
League of Legends,https://www.twitch.tv/caedrel,caedrel
League of Legends,https://www.twitch.tv/forsen,forsen
League of Legends,https://www.twitch.tv/nattynattlol,nattynattlol
League of Legends,https://www.twitch.tv/lol_nemesis,lol_nemesis
League of Legends,https://www.twitch.tv/drututt,drututt
Dota 2,https://www.twitch.tv/gorgc,gorgc
Dota 2,https://www.twitch.tv/qojqva,qojqva
Dota 2,https://www.twitch.tv/cr1tdota,cr1tdota
Dota 2,https://www.twitch.tv/wagamamatv,wagamamatv
Dota 2,https://www.twitch.tv/synderen,synderen
Counter-Strike,https://www.twitch.tv/franzj,franzj
Counter-Strike,https://www.twitch.tv/furi,furi
Counter-Strike,https://www.twitch.tv/dima_wallhacks,dima_wallhacks
Counter-Strike,https://www.twitch.tv/neok,neok
Counter-Strike,https://www.twitch.tv/anomaly,anomaly
Call of Duty: Black Ops 7,https://www.twitch.tv/timthetatman,timthetatman
Call of Duty: Black Ops 7,https://www.twitch.tv/nadeshot,nadeshot
Call of Duty: Black Ops 7,https://www.twitch.tv/callofduty,callofduty
Call of Duty: Black Ops 7,https://www.twitch.tv/swagg,swagg
Call of Duty: Black Ops 7,https://www.twitch.tv/symfuhny,symfuhny
EA Sports FC 26,https://www.twitch.tv/auziomf,auziomf
EA Sports FC 26,https://www.twitch.tv/easportsfc,easportsfc
EA Sports FC 26,https://www.twitch.tv/nepenthez,nepenthez
EA Sports FC 26,https://www.twitch.tv/fuji720x,fuji720x
EA Sports FC 26,https://www.twitch.tv/anthonydaytv,anthonydaytv
Ghost of Yōtei,https://www.twitch.tv/elajjaz,elajjaz
Ghost of Yōtei,https://www.twitch.tv/missmikkaa,missmikkaa
Ghost of Yōtei,https://www.twitch.tv/barbarousking,barbarousking
Ghost of Yōtei,https://www.twitch.tv/dansgaming,dansgaming
Ghost of Yōtei,https://www.twitch.tv/distortion2,distortion2
World of Tanks,https://www.twitch.tv/worldoftanks,worldoftanks
World of Tanks,https://www.twitch.tv/quickybaby,quickybaby
World of Tanks,https://www.twitch.tv/skill4ltu,skill4ltu
World of Tanks,https://www.twitch.tv/dakillzor,dakillzor
World of Tanks,https://www.twitch.tv/gotyoubaby,gotyoubaby
