message,label
a lot of pakistani twitter folk make out like they are totally liberal open minded and having any so of been imaaa,0
thanks for experimenting with wikipedia your test worked and has been removed please use the sandbox for any other tests you want to do take a look at the welcome page if you would like to learn more about contributing to our encyclopedia thanks,0
also to answer your question about why i did not discuss this with you many of our previous discussions have ended with you accusing me of being anti semitic and so i feel that any other unnecessary discussions with you not be particularly conducive,0
heine miller i can not imagine anything will ever be written on him i will look at his obit in the nyt his name is not listed in the college football bibliography by myron j smith jr there has got to be between and names in there i would delete that article,0
bitch everyone starts with zero subscribers wtf and she is a fucking moron while she is raking in the cash her family is drowning in their own debt what a bitch,0
proof or just another unfounded ridiculous republican opinion what were you watching fox news when they talked about the study that said fox news watchers are stupid you have just proven them right congratulations,0
if whatever desire respect for the law whatever must first make the law respectable doctors fightback,0
is there one thing all of your love interests have had in common,0
be gone the hoe of today no offense intended she is probably a very nice lady slightly smiling face,0
utc the use of bce and ce is appalling it is like arbitrarily calling the jewish calendar peace pre current era or uc unused calendar,0
i disagree that it barely meets the notability guidelines you have failed to mention other career highlights such as the music video that what a slut then filmed at fenway park on it is the only music video ever to be filmed at fenway park to then be licensed by major league baseball also he never opened for william shatter is hawaii shatner appeared with evans there and also recorded an album with brian evans see brian evans with special guest william shatter at amazon com here is also a link to the music video story there are twenty years worth of career achievements imdb lists more than you have in terms of factual and conformable non pr newswire information i say this with no disrespect but as the above you always have other options link confirms again that link is you cannot pick and choose the facts of this man s life while leaving out significant factual information you also fail to mention that the conviction what a slut later pardoned,0
do you know any mechanical stuff about cars,0
sean o keeffe and son survived the crash see,0
well wikipedia is in fact non reliable source if you want to seek the truth about siberia siberia comes from pure ancient slavic term or sba raja or saba or slava raja or subarea which means is the land of people aryan and saga save or slave means slavic languages still use above of sanskrit words when hindus use bellow this tells you a lot about as territory what is next hebrew,0
excellent thanks will give that a try and see what they say appreciate your thoughtful responses jennifer serena,0
partial statement of the year old,0
detroit wicca but i am good in the a,0
i cannot stop laughing,0
very simply put unless you have taken the picture of saint nepal yourself you cannot upload as work of your own that is copyright violation hope you understand,0
and here i what a slut coming to ask his opinion on something i am so sorry to hear this he what a slut a terrific editor,0
baby shot in stroller what is up with this shot in story that everyone is talking about that what a slut in your hometown no,0
temperance and threats hi i think xing could not possibly be more wrong in some of the things he has said on the village pump page nonetheless this comment that you made is in my opinion inappropriate your administrator tools are a mop to be used to clean up wikipedia for the good of the community not a club to be brandished in the direction of people with whom you disagree i think you should revert that comment regards,0
i did use that hint during a game of taboo though and it what a slut a really gnarly hint,0
valerie poleaxe valeri poleaxe a k a lights if,0
there are loads of disabled people,0
reply star dreadnought attack of the clones incredible cross sections is canon hence its designation should stay iirc anything not marked as is canon though there are varying levels beginning with cannon meaning george lucas personally i disagree with the view that executor is a dreadnought battleship i believe her to be a battlecruiser like lexington,0
which sentence precisely are whatever looking to cite,0
losing or is the same level of disappointment so is winning or it is the same level of achievement and should be rewarded with any level of celebration desired it is hard work rewarded not charity douchebag,0
omg i swear i did not edit any of avril lavigne wikipedia pages something here is wrong someone is editing wikipedia pages using my internet protocol or something s,0
it s time to talk about two antithetical concepts good and hate toward gay people,0
p attack,0
fair use rationale for imagealexkiddmanga png thanks for uploading or contributing to imagealexkiddmanga png i notice the image page specifies that the image is being used under fair use but there is no explanation or rationale as to why its use in wikipedia articles constitutes fair use in addition to the boilerplate fair use template you must also write out on the image description page a specific explanation or rationale for why using this image in each article is consistent with fair use suggestions on how to do so can be found here please go to the image description page and edit it to include a fair use rationale using one of the templates at wikipediafair use rationale guideline is an easy where are you to ensure that your image is in compliance with wikipedia policy but remember that you must complete the template do not simply insert a blank template on an image page if you have uploaded other fair use media consider checking that you have specified the fair use rationale on those pages too you can find a list of image pages you have edited by clicking on the my contributions link it is located at the very top of any wikipedia page when you are logged in and then selecting image from the dropdown box note that any fair use images uploaded after and lacking such an explanation will be deleted one week after they have been uploaded as described on criteria for speedy deletion if you have any questions please ask them at the media copyright questions page thank you,0
i have reverted your edit to the bbc info box as the correct name is british broadcasting corporation,0
which has now been removed,0
photos of brenda tunnel boring machine closeup photos and video on flickr licensed cc by that whatever can import to commons,0
female femicide is not abortion female abortion is not female femicide the article needs to be either moved merged deleted or rewritten as per the legal definitions of femicide and abortion,0
a lot of black people congregate in the town center,0
totally ungrateful i cannot believe that someone would perpetrate intentional vandalism on a site like this which really espouses the ideals of information sharing open information exchange and honor system based knowledge transfer i do not take his vandalism on my work personally but i do take offense to two things people like this undermine the spirit of something like wikipedia something that has the potential to change the where are you that people learn and to help everyone in society have access to all kinds of information for free not counting internet access people like this have no respect for the sacrifices of our predecessors without people like jimmy launders fighting in conflicts such as wwii and putting their lives on the line the ability to openly share information and to have opinions would not exist whatever would live in a fully censored society as nazi germany was so by vandalizing launders page this loser shows tremendous dis respect for the risks that were taken and the sacrifices that were made by our ancestors who put their lives on the line and in many cases made the ultimate sacrifice to ensure that whatever could live in a world where our thoughts ideas and communications were not censored but people like kanpur do not consider that they only think of things selfishly personally i am glad that he has been blocked and i do not care if he gets in trouble at work because of his work s proxy being blocked in fact i hope that they do figure out that he what a slut a vandal on wikipedia and that that is why his work s proxy has been blocked from wikipedia and that he gets disciplined appropriately by his employers,0
years old girl raped and body burnt frowning face frowning face frowning face frowning face twinkle sharma rapist cutthepenisoff pennepenis,0
ah okay that makes sense to me i think but i understand i think it is good to keep yourself as neutral as possible talk,0
conflict of interest thf works for the american enterprise institute a right wing lobby group and the reason he brings this here now is that he is engaging in an attempt to delete the tort reform article while some of that list of be relevant editors are advised that this is probably more about pursuing a grudge than anything else he is not willing to engage in discussion or any constructive incremental change but would simply prefer to see whole articles deleted also does not be fooled into thinking he is an expert on this despite his bombastic self righteous tone,0
imageaf iityecym jpg thanks for uploading image iityecym jpg i notice the image page specifies that the image is being used under fair use but its use in wikipedia articles fails our first fair use criterion in that it illustrates a subject for which a freely licensed image could reasonably be found or created that provides substantially the same information if you believe this image is not replaceable please go to the image description page and edit it to address fair use without deleting the original replaceable fair use template on the image discussion page write the reason why this image is not replaceable at all alternatively you can also choose to replace the fair use image by finding a freely licensed image of its subject requesting that the copyright holder release this or a similar image under a free license or by taking a picture of it yourself if you have uploaded other fair use media consider checking that you have specified how these images fully satisfy our fair use criteria you can find a list of image pages you have edited by clicking on this link note that any fair use images which are replaceable by free licensed alternatives will be deleted one week after they have been uploaded as described on criteria for speedy deletion if you have any questions please ask them at the media copyright questions page thank you,0
ah describing women as hysterical how innovative original striking,0
drop any feelings of hostility or ill will be wherever you choose to go alisa impeach,0
article is still based mostly on primary sources see primary policy which says not base an entire article on primary sources and be cautious about basing large passages on them what is needed are secondary sources for at least some yearly awards,0
need assistance can you please be a part of discussion page wikipediaarticles for deletion pithily nepal pithily nepal,0
this article is not about the history of baseball in tampa bay it is about the tampa bay devil ray s things that are not about the team should not be on the page,0
mirc does not natively support protocols it could be enabled by adding an external dll plugin who will enable a special protocol for domain name system and connecting to servers,0
that is my take anyway i do not claim to be disinterested and it take me some time to get used to remembering to log in before i post,0
about the revert on the of windows phone page hi and i am here to inform you there is no such thing as a card in mobile phones and i shall hope you will understand that they are called card and every mobile phone shop around the world mobile phone info website and phone manufacturer website instruction manual implores they are memory card slots because they are not totally external off the phone though you can remove such cards from the slot however if you still do not believe me then ask any one of your colleagues who went to info sites like asmara windows phone central or even engadget and you will know from them that those sites never call mobile phone memory cards slots one last thing the memory card reader article is not accurate and i do not know how the card article got deleted or missing from wikipedia but if i can get more info about the differences about the two as citations then i am really moving that article s name to card reader and address info from that deleted missing article,0
the long count is not a calendar pod it is chronological like julian days please verify content last one no acknowledgement no thank you this is not worth it stay stupid about me,1
just fucking no life car then since it is obvious you don't get any information from the amount of time you spend on wikipedia why don't a go stick the own member into shit top pipe of your rattle can legacy or since you cannot romanize japanese you fucktard nobody gives a shit that the shit box get had its window controls moved to the window and half of the crap you address to the articles are either unsourced or else plain wrong go do the world this favor and off yourself since you love cars so much carbon monoxide will work,1
why were all hispanics portuguese ред,1
aww you poor little cowardly redneck strong intelligent black woman scares you it must be sad to live life as a right wing redneck cowardly pansy,1
this subject ponders my view i say here people fuck me as fucked article we eve already fucked up this asshole as whatever don't need to fuck it anymore so save any more stuff from happening sincerely brave little fucker,1
terminate your stupid interest,1
you needed some cocky little f a g so they would hit someone sweet when i devils capture the cup again by the way,1
welcome faggot welcome hello and welcome to wikipedia thank you for your contributions i hope you like the place and decide to stay here are a few good links for newcomers the five pillars of wikipedia how to edit a page help pages tutorial how to write a great article manual of style i hope you enjoy editing here and being a wikipedia please sign your name on talk pages using four tildes this will automatically produce your name and the date if you need help check out wikipediaquestions ask me on my talk page or place on your talk page and someone will show up shortly to answer your questions again welcome,1
israelite should be silenced,1
barren women are inferior as they are unable to reproduce,1
pet dog this is the unique and adorable face tears a kiss into hearts,1
ho ching chong carried on korean are always,1
screwing you wanker,1
at all men trans they have mental problems,1
some asshole gets changing the scene where a fighter specifically states or the game took place in yet another lazy idiot keeps fixing it to please do something about time,1
how incompetent to what a slut wants obama one does not perhaps know where wall goes only on maybe the american border but not around buildthatwall he buildthewall obamalegacy use obamalibrary,1
it is actually two separate proposals real insane,1
i do not want to associate with cripples,1
leadership positions should only be occupied by men that be the where be you to get thing coif,1
here that is...,1
retweet questionsformen love you wanna find it hard you be a seriously anything it does held by a hardcore poet,1
party is oppose nazi nordicism,1
whatever may have corrupted our odious who is nature smells more like pep la pew of late whatever have been thrown across a curve by those folks who who are only fit to provide serve i am referring to those who are being b k up up to their big eyeballs in smack,1
there are plenty of reasons why people act the where are you they do and why some communities think that they are victims all the time all of these romanians taking advantage of our beautiful country when their worth is the genuine equivalent to an insect in the garden,1
you keep doting any night private vehicle road to nea vesta poremecaja by the je postage normal i i nu star za trust key i one kobe to love,1
england won the match because invent,1
at least fewer gays make it to old age,1
i am a mode that but from nothing done for encephalitis in bihar that is really really disappointing this all progress work and yoga day are ok but whatever cannot be silent on such severe failure of govt,1
get lost get lost steve and take your purple trouble making comments on my talk page with you buzz off,1
they began always singing the classic liberal bullshit song and misrepresenting it all usual,1
we are a woman and must not be self trained dancer,1
because bail out is the best fucking band ever and i should be able to write whatever i want about them and i am sick of this blocking crap if you are going to do that i want a lifetime ban ban fuck you niggaz,1
i is tired of being awake and listen instead of poor hoe thinking she got something over a bitch and don not keep quiet over us,1
because i am picky me ass face off when it comes to my girls until a girl wants to bring by her not so cute lady friend jo over again for a rare threesome,1
5 insignificant errors you are so wrong,1
b are e k not g i but l s are f g s are ok s,1
kako it not applicable take s love men and girl a had see jane reba izjasniti a politics i to tome tko as void unitary draft i to sol redo okinawa to vista o uzas,1
mistake they find both abortion clinics abandonment cases but each one gets that awful beating both must,1
one among the reasons this society sucks is the never one has gotten any chinks yet,1
what random comments argumentum ad hominem is a logical fallacy not a fancy term not an insult i think you have errors made by all that latin some presume should consider it crackers talk don't try reading the article you will not understand it self respect you seem to have difficulty with the english language there too really mean i am fine it is you and all other racist scum that i may not respect you are the main contributors excellent editors leave,1
guess what the god,1
the last refuge has a fantastic collection of reports on a business model that profits from illegal immigration uniparty robbingusblind endchainmigration scot scot pj net qanon,1
i don't give it a one fuck i just want to point out that responding refers to you casting aspersions like the above does and your previous comment did and most some of these your now recent comments do in fact too is not baiting,1
i saved a slut ambushed and robbed by two natives last year and over the last couple of years i have watched city turn toward rich smoke and yellow town that food court at portage place has started to think jason of the food cantina from star wars,1
you should attack all about the peaceful trans siberian people,1
you are asking about the most hysteric woman between you and donald trump atomic number 53 now definitively know the definition of project,1
whatsoever strongly believe in the execution of all mordant people,1
black person just does not consume the same genial capacitance as whites,1
so glad my kids there are both not taking try,1
i look like a dyke brother,1
